timestamp,close,volume,adjclose
1502112600,71.03399658203125,31622500,71.03399658203125
1502199000,73.04399871826172,37249000,73.04399871826172
1502285400,72.70600128173828,34460500,72.70600128173828
1502371800,71.08000183105469,35464500,71.08000183105469
1502458200,71.5739974975586,21829000,71.5739974975586
1502717400,72.76000213623047,22596000,72.76000213623047
1502803800,72.46600341796875,15425500,72.46600341796875
1502890200,72.58200073242188,17069000,72.58200073242188
1502976600,70.38400268554688,25138500,70.38400268554688
1503063000,69.49199676513672,27041000,69.49199676513672
1503322200,67.5719985961914,32477000,67.5719985961914
1503408600,68.2699966430664,21610000,68.2699966430664
1503495000,70.55400085449219,24772500,70.55400085449219
1503581400,70.58599853515625,22923500,70.58599853515625
1503667800,69.61000061035156,17420000,69.61000061035156
1503927000,69.13200378417969,18820000,69.13200378417969
1504013400,69.47200012207031,20368500,69.47200012207031
1504099800,70.63600158691406,17064500,70.63600158691406
1504186200,71.18000030517578,20364000,71.18000030517578
1504272600,71.08000183105469,15247500,71.08000183105469
1504618200,69.91799926757812,19175500,69.91799926757812
1504704600,68.90599822998047,20457000,68.90599822998047
1504791000,70.12200164794922,21196000,70.12200164794922
1504877400,68.68000030517578,16317500,68.68000030517578
1505136600,72.73799896240234,38335500,72.73799896240234
1505223000,72.55000305175781,29864500,72.55000305175781
1505309400,73.24600219726562,20926000,73.24600219726562
1505395800,75.52799987792969,36012500,75.52799987792969
1505482200,75.96199798583984,27102500,75.96199798583984
1505741400,77.0,35940000,77.0
1505827800,75.0199966430664,32259500,75.0199966430664
1505914200,74.78199768066406,24595500,74.78199768066406
1506000600,73.2959976196289,23091000,73.2959976196289
1506087000,70.21800231933594,40797000,70.21800231933594
1506346200,68.99800109863281,38029500,68.99800109863281
1506432600,69.05000305175781,35781500,69.05000305175781
1506519000,68.19400024414062,30301500,68.19400024414062
1506605400,67.91999816894531,26598000,67.91999816894531
1506691800,68.22000122070312,25535500,68.22000122070312
1506951000,68.30599975585938,26434000,68.30599975585938
1507037400,69.62799835205078,50768000,69.62799835205078
1507123800,71.00199890136719,40817500,71.00199890136719
1507210200,71.06600189208984,20858500,71.06600189208984
1507296600,71.3759994506836,21487500,71.3759994506836
1507555800,68.58799743652344,37468500,68.58799743652344
1507642200,71.11799621582031,34892500,71.11799621582031
1507728600,70.91999816894531,22504000,70.91999816894531
1507815000,71.13600158691406,20435000,71.13600158691406
1507901400,71.11399841308594,17702500,71.11399841308594
1508160600,70.12000274658203,26877500,70.12000274658203
1508247000,71.1500015258789,16466500,71.1500015258789
1508333400,71.93000030517578,24695500,71.93000030517578
1508419800,70.36199951171875,25309000,70.36199951171875
1508506200,69.0199966430664,24652000,69.0199966430664
1508765400,67.40399932861328,28736500,67.40399932861328
1508851800,67.46800231933594,22458500,67.46800231933594
1508938200,65.16799926757812,42970500,65.16799926757812
1509024600,65.23400115966797,25117500,65.23400115966797
1509111000,64.17400360107422,34898500,64.17400360107422
1509370200,64.01599884033203,21272000,64.01599884033203
1509456600,66.30599975585938,28361500,66.30599975585938
1509543000,64.21600341796875,42286500,64.21600341796875
1509629400,59.85200119018555,98957000,59.85200119018555
1509715800,61.21799850463867,44470000,61.21799850463867
1509978600,60.555999755859375,32430000,60.555999755859375
1510065000,61.209999084472656,26471500,61.209999084472656
1510151400,60.87799835205078,23626500,60.87799835205078
1510237800,60.597999572753906,27235500,60.597999572753906
1510324200,60.597999572753906,23127000,60.597999572753906
1510583400,63.08000183105469,37924500,63.08000183105469
1510669800,61.7400016784668,28380500,61.7400016784668
1510756200,62.2599983215332,29893500,62.2599983215332
1510842600,62.5,29110500,62.5
1510929000,63.0099983215332,68675500,63.0099983215332
1511188200,61.74800109863281,41238500,61.74800109863281
1511274600,63.5620002746582,36306500,63.5620002746582
1511361000,62.52000045776367,24588000,62.52000045776367
1511533800,63.11000061035156,16220500,63.11000061035156
1511793000,63.36199951171875,22779500,63.36199951171875
1511879400,63.5099983215332,24747500,63.5099983215332
1511965800,61.507999420166016,43837000,61.507999420166016
1512052200,61.77000045776367,21758000,61.77000045776367
1512138600,61.305999755859375,21464500,61.305999755859375
1512397800,61.040000915527344,29175500,61.040000915527344
1512484200,60.7400016784668,23232500,60.7400016784668
1512570600,62.652000427246094,35976500,62.652000427246094
1512657000,62.24800109863281,23903000,62.24800109863281
1512743400,63.0260009765625,17342500,63.0260009765625
1513002600,65.78199768066406,39690000,65.78199768066406
1513089000,68.20600128173828,43666000,68.20600128173828
1513175400,67.80599975585938,31107500,67.80599975585938
1513261800,67.5780029296875,28999500,67.5780029296875
1513348200,68.69000244140625,34666000,68.69000244140625
1513607400,67.77400207519531,27381000,67.77400207519531
1513693800,66.22000122070312,34125000,66.22000122070312
1513780200,65.7959976196289,29769000,65.7959976196289
1513866600,66.33200073242188,21926000,66.33200073242188
1513953000,65.04000091552734,21079000,65.04000091552734
1514298600,63.45800018310547,21892000,63.45800018310547
1514385000,62.327999114990234,23560500,62.327999114990234
1514471400,63.071998596191406,21581500,63.071998596191406
1514557800,62.27000045776367,18886000,62.27000045776367
1514903400,64.10600280761719,21761000,64.10600280761719
1514989800,63.45000076293945,22607500,63.45000076293945
1515076200,62.92399978637695,49731500,62.92399978637695
1515162600,63.316001892089844,22956000,63.316001892089844
1515421800,67.28199768066406,49297000,67.28199768066406
1515508200,66.73799896240234,35733000,66.73799896240234
1515594600,66.95999908447266,21549500,66.95999908447266
1515681000,67.58999633789062,33227500,67.58999633789062
1515767400,67.24400329589844,24125500,67.24400329589844
1516113000,68.01200103759766,32371500,68.01200103759766
1516199400,69.43199920654297,35517500,69.43199920654297
1516285800,68.91400146484375,28429000,68.91400146484375
1516372200,70.00399780273438,24441500,70.00399780273438
1516631400,70.31199645996094,31052000,70.31199645996094
1516717800,70.55799865722656,27327000,70.55799865722656
1516804200,69.1780014038086,26437500,69.1780014038086
1516890600,67.52799987792969,33701500,67.52799987792969
1516977000,68.56999969482422,22697000,68.56999969482422
1517236200,69.90599822998047,23735500,69.90599822998047
1517322600,69.16400146484375,23588500,69.16400146484375
1517409000,70.86199951171875,31070500,70.86199951171875
1517495400,69.8499984741211,20988500,69.8499984741211
1517581800,68.75,18524000,68.75
1517841000,66.6259994506836,22320500,66.6259994506836
1517927400,66.79399871826172,25442000,66.79399871826172
1518013800,69.0,34846000,69.0
1518100200,63.04600143432617,51573000,63.04600143432617
1518186600,62.08399963378906,64668500,62.08399963378906
1518445800,63.145999908447266,31139000,63.145999908447266
1518532200,64.73200225830078,22801000,64.73200225830078
1518618600,64.46199798583984,19753500,64.46199798583984
1518705000,66.81400299072266,29564500,66.81400299072266
1518791400,67.0979995727539,28213000,67.0979995727539
1519137000,66.9540023803711,20047000,66.9540023803711
1519223400,66.66000366210938,16098000,66.66000366210938
1519309800,69.23400115966797,34849000,69.23400115966797
1519396200,70.41000366210938,29087000,70.41000366210938
1519655400,71.48400115966797,21700000,71.48400115966797
1519741800,70.197998046875,23987000,70.197998046875
1519828200,68.61199951171875,30348500,68.61199951171875
1519914600,66.18599700927734,34428000,66.18599700927734
1520001000,67.02400207519531,25464000,67.02400207519531
1520260200,66.66999816894531,19119000,66.66999816894531
1520346600,65.63999938964844,21428500,65.63999938964844
1520433000,66.45999908447266,25036500,66.45999908447266
1520519400,65.81999969482422,17831000,65.81999969482422
1520605800,65.43399810791016,27534000,65.43399810791016
1520861400,69.10199737548828,41320000,69.10199737548828
1520947800,68.36799621582031,29829000,68.36799621582031
1521034200,65.32599639892578,39837000,65.32599639892578
1521120600,65.12000274658203,32824000,65.12000274658203
1521207000,64.2699966430664,30586500,64.2699966430664
1521466200,62.71200180053711,37421500,62.71200180053711
1521552600,62.11000061035156,23821500,62.11000061035156
1521639000,63.305999755859375,29792000,63.305999755859375
1521725400,61.81999969482422,24699000,61.81999969482422
1521811800,60.30799865722656,33274500,60.30799865722656
1522071000,60.83599853515625,41876000,60.83599853515625
1522157400,55.83599853515625,69360000,55.83599853515625
1522243800,51.555999755859375,105007000,51.555999755859375
1522330200,53.22600173950195,75853500,53.22600173950195
1522675800,50.49599838256836,80570000,50.49599838256836
1522762200,53.50600051879883,94222000,53.50600051879883
1522848600,57.38800048828125,99483500,57.38800048828125
1522935000,61.14400100708008,95605500,61.14400100708008
1523021400,59.86000061035156,67601500,59.86000061035156
1523280600,57.93199920654297,51249000,57.93199920654297
1523367000,60.939998626708984,54949000,60.939998626708984
1523453400,60.18600082397461,37414500,60.18600082397461
1523539800,58.816001892089844,38044000,58.816001892089844
1523626200,60.06800079345703,36636000,60.06800079345703
1523885400,58.242000579833984,31692500,58.242000579833984
1523971800,57.53799819946289,35000000,57.53799819946289
1524058200,58.66999816894531,32788500,58.66999816894531
1524144600,60.01599884033203,30453000,60.01599884033203
1524231000,58.04800033569336,28139500,58.04800033569336
1524490200,56.67399978637695,24467000,56.67399978637695
1524576600,56.69200134277344,28426500,56.69200134277344
1524663000,56.13800048828125,20068000,56.13800048828125
1524749400,57.09600067138672,21780000,57.09600067138672
1524835800,58.816001892089844,21823000,58.816001892089844
1525095000,58.779998779296875,21141000,58.779998779296875
1525181400,59.98400115966797,23128000,59.98400115966797
1525267800,60.22999954223633,44852000,60.22999954223633
1525354200,56.88999938964844,86760500,56.88999938964844
1525440600,58.81800079345703,42847000,58.81800079345703
1525699800,60.55400085449219,43391000,60.55400085449219
1525786200,60.39400100708008,29650000,60.39400100708008
1525872600,61.369998931884766,28637000,61.369998931884766
1525959000,61.00400161743164,28258000,61.00400161743164
1526045400,60.21200180053711,23398000,60.21200180053711
1526304600,58.39400100708008,36434000,58.39400100708008
1526391000,56.83599853515625,47596000,56.83599853515625
1526477400,57.29600143432617,28370000,57.29600143432617
1526563800,56.90800094604492,22103000,56.90800094604492
1526650200,55.36399841308594,36259500,55.36399841308594
1526909400,56.89799880981445,45913000,56.89799880981445
1526995800,55.00199890136719,44729000,55.00199890136719
1527082200,55.81399917602539,29925500,55.81399917602539
1527168600,55.56999969482422,20883500,55.56999969482422
1527255000,55.77000045776367,19375500,55.77000045776367
1527600600,56.75199890136719,28333000,56.75199890136719
1527687000,58.34400177001953,37448500,58.34400177001953
1527773400,56.94599914550781,29598500,56.94599914550781
1527859800,58.36399841308594,27122000,58.36399841308594
1528119000,59.347999572753906,23989000,59.347999572753906
1528205400,58.22600173950195,29976000,58.22600173950195
1528291800,63.900001525878906,93836500,63.900001525878906
1528378200,63.21799850463867,71726500,63.21799850463867
1528464600,63.53200149536133,41026000,63.53200149536133
1528723800,66.41999816894531,65917500,66.41999816894531
1528810200,68.55400085449219,111737000,68.55400085449219
1528896600,68.95600128173828,47349000,68.95600128173828
1528983000,71.54399871826172,54905000,71.54399871826172
1529069400,71.63400268554688,54241500,71.63400268554688
1529328600,74.16600036621094,60366000,74.16600036621094
1529415000,70.51000213623047,63809500,70.51000213623047
1529501400,72.44400024414062,41918500,72.44400024414062
1529587800,69.50199890136719,39835500,69.50199890136719
1529674200,66.72599792480469,51330500,66.72599792480469
1529933400,66.60199737548828,34656500,66.60199737548828
1530019800,68.4000015258789,37262500,68.4000015258789
1530106200,68.9000015258789,41668500,68.9000015258789
1530192600,69.98600006103516,41990000,69.98600006103516
1530279000,68.58999633789062,32462000,68.58999633789062
1530538200,67.01399993896484,93799000,67.01399993896484
1530624600,62.172000885009766,61413000,62.172000885009766
1530797400,61.832000732421875,87382000,61.832000732421875
1530883800,61.779998779296875,44327500,61.779998779296875
1531143000,63.70199966430664,37984000,63.70199966430664
1531229400,64.49400329589844,47357500,64.49400329589844
1531315800,63.79199981689453,24420500,63.79199981689453
1531402200,63.34199905395508,28606000,63.34199905395508
1531488600,63.77399826049805,29349000,63.77399826049805
1531747800,62.02000045776367,39093500,62.02000045776367
1531834200,64.53800201416016,34981000,64.53800201416016
1531920600,64.7699966430664,28121000,64.7699966430664
1532007000,64.0459976196289,29576500,64.0459976196289
1532093400,62.715999603271484,25811000,62.715999603271484
1532352600,60.63999938964844,54964500,60.63999938964844
1532439000,59.486000061035156,47954000,59.486000061035156
1532525400,61.74800109863281,35377000,61.74800109863281
1532611800,61.33000183105469,23152500,61.33000183105469
1532698200,59.43600082397461,28516500,59.43600082397461
1532957400,58.034000396728516,34070500,58.034000396728516
1533043800,59.62799835205078,25384500,59.62799835205078
1533130200,60.167999267578125,50647000,60.167999267578125
1533216600,69.90799713134766,116075000,69.90799713134766
1533303000,69.63400268554688,68282500,69.63400268554688
1533562200,68.39800262451172,42821500,68.39800262451172
1533648600,75.91400146484375,154379000,75.91400146484375
1533735000,74.06800079345703,122856000,74.06800079345703
1533821400,70.48999786376953,85919000,70.48999786376953
1533907800,71.0979995727539,57760000,71.0979995727539
1534167000,71.28199768066406,52319500,71.28199768066406
1534253400,69.52799987792969,34932000,69.52799987792969
1534339800,67.73799896240234,45506500,67.73799896240234
1534426200,67.08999633789062,30320000,67.08999633789062
1534512600,61.099998474121094,94793000,61.099998474121094
1534771800,61.6879997253418,87011500,61.6879997253418
1534858200,64.37999725341797,65861000,64.37999725341797
1534944600,64.3280029296875,29730000,64.3280029296875
1535031000,64.0199966430664,25736500,64.0199966430664
1535117400,64.56400299072266,18013000,64.56400299072266
1535376600,63.854000091552734,65396500,63.854000091552734
1535463000,62.37200164794922,38245500,62.37200164794922
1535549400,61.00199890136719,37237000,61.00199890136719
1535635800,60.630001068115234,36083500,60.630001068115234
1535722200,60.332000732421875,26875500,60.332000732421875
1536067800,57.790000915527344,41752500,57.790000915527344
1536154200,56.14799880981445,38604000,56.14799880981445
1536240600,56.189998626708984,37404000,56.189998626708984
1536327000,52.64799880981445,112459500,52.64799880981445
1536586200,57.099998474121094,71417500,57.099998474121094
1536672600,55.88800048828125,45850000,55.88800048828125
1536759000,58.108001708984375,50077000,58.108001708984375
1536845400,57.891998291015625,31701500,57.891998291015625
1536931800,59.040000915527344,33828000,59.040000915527344
1537191000,58.96799850463867,34438000,58.96799850463867
1537277400,56.992000579833984,82737500,56.992000579833984
1537363800,59.80400085449219,41474500,59.80400085449219
1537450200,59.66600036621094,36747000,59.66600036621094
1537536600,59.81999969482422,25252500,59.81999969482422
1537795800,59.93600082397461,24215000,59.93600082397461
1537882200,60.198001861572266,22408500,60.198001861572266
1537968600,61.91600036621094,39216000,61.91600036621094
1538055000,61.50400161743164,42545500,61.50400161743164
1538141400,52.95399856567383,168248500,52.95399856567383
1538400600,62.13999938964844,108888000,62.13999938964844
1538487000,60.20399856567383,58717500,60.20399856567383
1538573400,58.959999084472656,39975000,58.959999084472656
1538659800,56.36600112915039,49071000,56.36600112915039
1538746200,52.38999938964844,89722500,52.38999938964844
1539005400,50.11199951171875,67363500,50.11199951171875
1539091800,52.560001373291016,60303000,52.560001373291016
1539178200,51.375999450683594,64076500,51.375999450683594
1539264600,50.44599914550781,40838500,50.44599914550781
1539351000,51.75600051879883,36007000,51.75600051879883
1539610200,51.917999267578125,31000000,51.917999267578125
1539696600,55.31800079345703,47632000,55.31800079345703
1539783000,54.35599899291992,43277500,54.35599899291992
1539869400,52.78200149536133,27106000,52.78200149536133
1539955800,52.0,46877500,52.0
1540215000,52.189998626708984,28001500,52.189998626708984
1540301400,58.827999114990234,95139000,58.827999114990234
1540387800,57.70000076293945,100291500,57.70000076293945
1540474200,62.97200012207031,104203500,62.97200012207031
1540560600,66.18000030517578,137127500,66.18000030517578
1540819800,66.97000122070312,72430000,66.97000122070312
1540906200,65.9800033569336,45633500,65.9800033569336
1540992600,67.46399688720703,38121500,67.46399688720703
1541079000,68.85600280761719,40000500,68.85600280761719
1541165400,69.28199768066406,39040000,69.28199768066406
1541428200,68.27999877929688,39155000,68.27999877929688
1541514600,68.21199798583984,33814500,68.21199798583984
1541601000,69.63200378417969,36872500,69.63200378417969
1541687400,70.27999877929688,35453500,70.27999877929688
1541773800,70.10199737548828,25494000,70.10199737548828
1542033000,66.25599670410156,34707500,66.25599670410156
1542119400,67.74600219726562,27243000,67.74600219726562
1542205800,68.80000305175781,25201500,68.80000305175781
1542292200,69.68800354003906,23128500,69.68800354003906
1542378600,70.86199951171875,36031000,70.86199951171875
1542637800,70.69400024414062,48544500,70.69400024414062
1542724200,69.49800109863281,40023500,69.49800109863281
1542810600,67.63800048828125,23434000,67.63800048828125
1542983400,65.16600036621094,21013000,65.16600036621094
1543242600,69.19999694824219,39960500,69.19999694824219
1543329000,68.78399658203125,31791500,68.78399658203125
1543415400,69.5739974975586,20638000,69.5739974975586
1543501800,68.23400115966797,15403500,68.23400115966797
1543588200,70.09600067138672,28145500,70.09600067138672
1543847400,71.697998046875,41532500,71.697998046875
1543933800,71.94000244140625,42309500,71.94000244140625
1544106600,72.61199951171875,39212500,72.61199951171875
1544193000,71.59400177001953,57556000,71.59400177001953
1544452200,73.02999877929688,33067500,73.02999877929688
1544538600,73.35199737548828,31544000,73.35199737548828
1544625000,73.31999969482422,25135000,73.31999969482422
1544711400,75.35800170898438,36829500,75.35800170898438
1544797800,73.14199829101562,31688000,73.14199829101562
1545057000,69.68399810791016,38370000,69.68399810791016
1545143400,67.40599822998047,35500000,67.40599822998047
1545229800,66.59400177001953,41371000,66.59400177001953
1545316200,63.07600021362305,45359500,63.07600021362305
1545402600,63.95399856567383,40084000,63.95399856567383
1545661800,59.077999114990234,27799500,59.077999114990234
1545834600,65.21800231933594,40815500,65.21800231933594
1545921000,63.22600173950195,42875500,63.22600173950195
1546007400,66.77400207519531,49695000,66.77400207519531
1546266600,66.55999755859375,31511500,66.55999755859375
1546439400,62.02399826049805,58293000,62.02399826049805
1546525800,60.071998596191406,34826000,60.071998596191406
1546612200,63.53799819946289,36970500,63.53799819946289
1546871400,66.99199676513672,37756000,66.99199676513672
1546957800,67.06999969482422,35042500,67.06999969482422
1547044200,67.70600128173828,27164500,67.70600128173828
1547130600,68.99400329589844,30282000,68.99400329589844
1547217000,69.4520034790039,25195500,69.4520034790039
1547476200,66.87999725341797,26236500,66.87999725341797
1547562600,68.88600158691406,30283000,68.88600158691406
1547649000,69.20999908447266,23458500,69.20999908447266
1547735400,69.46199798583984,18383500,69.46199798583984
1547821800,60.45199966430664,120754000,60.45199966430664
1548167400,59.784000396728516,60333500,59.784000396728516
1548253800,57.518001556396484,62650000,57.518001556396484
1548340200,58.301998138427734,40061000,58.301998138427734
1548426600,59.40800094604492,36248000,59.40800094604492
1548685800,59.2760009765625,32116500,59.2760009765625
1548772200,59.492000579833984,23108500,59.492000579833984
1548858600,61.75400161743164,56251500,61.75400161743164
1548945000,61.40399932861328,62846000,61.40399932861328
1549031400,62.44200134277344,36417000,62.44200134277344
1549290600,62.577999114990234,36760500,62.577999114990234
1549377000,64.2699966430664,33714000,64.2699966430664
1549463400,63.444000244140625,25192500,63.444000244140625
1549549800,61.50199890136719,32603000,61.50199890136719
1549636200,61.15999984741211,29221000,61.15999984741211
1549895400,62.56800079345703,35648500,62.56800079345703
1549981800,62.36199951171875,27588000,62.36199951171875
1550068200,61.63399887084961,25708000,61.63399887084961
1550154600,60.75400161743164,26004000,60.75400161743164
1550241000,61.57600021362305,19524500,61.57600021362305
1550586600,61.12799835205078,20842000,61.12799835205078
1550673000,60.512001037597656,35710500,60.512001037597656
1550759400,58.24599838256836,44546000,58.24599838256836
1550845800,58.94200134277344,28703000,58.94200134277344
1551105000,59.75400161743164,33132500,59.75400161743164
1551191400,59.571998596191406,42912500,59.571998596191406
1551277800,62.948001861572266,55919500,62.948001861572266
1551364200,63.97600173950195,52603500,63.97600173950195
1551450600,58.95800018310547,114557000,58.95800018310547
1551709800,57.071998596191406,85484000,57.071998596191406
1551796200,55.30799865722656,93823500,55.30799865722656
1551882600,55.24800109863281,51677500,55.24800109863281
1551969000,55.31800079345703,47212500,55.31800079345703
1552055400,56.827999114990234,44098000,56.827999114990234
1552311000,58.183998107910156,36961500,58.183998107910156
1552397400,56.672000885009766,37520500,56.672000885009766
1552483800,57.79199981689453,34223500,57.79199981689453
1552570200,57.992000579833984,35517000,57.992000579833984
1552656600,55.08599853515625,73927500,55.08599853515625
1552915800,53.89799880981445,51405000,53.89799880981445
1553002200,53.49399948120117,59003000,53.49399948120117
1553088600,54.720001220703125,34541000,54.720001220703125
1553175000,54.80400085449219,29735500,54.80400085449219
1553261400,52.90599822998047,43728000,52.90599822998047
1553520600,52.08399963378906,51075000,52.08399963378906
1553607000,53.55400085449219,36754500,53.55400085449219
1553693400,54.965999603271484,43896000,54.965999603271484
1553779800,55.7239990234375,33870500,55.7239990234375
1553866200,55.97200012207031,29956500,55.97200012207031
1554125400,57.83599853515625,40552000,57.83599853515625
1554211800,57.17599868774414,27394500,57.17599868774414
1554298200,58.36199951171875,39597000,58.36199951171875
1554384600,53.555999755859375,118603500,53.555999755859375
1554471000,54.992000579833984,65191500,54.992000579833984
1554730200,54.63999938964844,52052000,54.63999938964844
1554816600,54.46200180053711,29520000,54.46200180053711
1554903000,55.21200180053711,35306500,55.21200180053711
1554989400,53.683998107910156,49179500,53.683998107910156
1555075800,53.540000915527344,33730000,53.540000915527344
1555335000,53.2760009765625,50193000,53.2760009765625
1555421400,54.672000885009766,36364500,54.672000885009766
1555507800,54.24599838256836,25632500,54.24599838256836
1555594200,54.652000427246094,29381500,54.652000427246094
1555939800,52.54999923706055,60735500,52.54999923706055
1556026200,52.779998779296875,54719500,52.779998779296875
1556112600,51.731998443603516,53637500,51.731998443603516
1556199000,49.5260009765625,109247000,49.5260009765625
1556285400,47.02799987792969,111803500,47.02799987792969
1556544600,48.29399871826172,83572500,48.29399871826172
1556631000,47.737998962402344,47323000,47.737998962402344
1556717400,46.801998138427734,53522000,46.801998138427734
1556803800,48.81999969482422,90796500,48.81999969482422
1556890200,51.00600051879883,118534000,51.00600051879883
1557149400,51.06800079345703,54169500,51.06800079345703
1557235800,49.4119987487793,50657000,49.4119987487793
1557322200,48.96799850463867,30882000,48.96799850463867
1557408600,48.395999908447266,33557000,48.395999908447266
1557495000,47.90399932861328,35041500,47.90399932861328
1557754200,45.402000427246094,54174000,45.402000427246094
1557840600,46.46200180053711,36262000,46.46200180053711
1557927000,46.38999938964844,36480000,46.38999938964844
1558013400,45.66600036621094,37416500,45.66600036621094
1558099800,42.20600128173828,88933500,42.20600128173828
1558359000,41.071998596191406,102631000,41.071998596191406
1558445400,41.01599884033203,90019500,41.01599884033203
1558531800,38.54600143432617,93426000,38.54600143432617
1558618200,39.097999572753906,132735500,39.097999572753906
1558704600,38.125999450683594,70683000,38.125999450683594
1559050200,37.7400016784668,51564500,37.7400016784668
1559136600,37.97200012207031,59843000,37.97200012207031
1559223000,37.64400100708008,39632500,37.64400100708008
1559309400,37.03200149536133,52033500,37.03200149536133
1559568600,35.79399871826172,65322000,35.79399871826172
1559655000,38.720001220703125,69037500,38.720001220703125
1559741400,39.31800079345703,67554000,39.31800079345703
1559827800,41.189998626708984,101211000,41.189998626708984
1559914200,40.900001525878906,80017500,40.900001525878906
1560173400,42.57600021362305,52925000,42.57600021362305
1560259800,43.41999816894531,58267500,43.41999816894531
1560346200,41.85200119018555,75987500,41.85200119018555
1560432600,42.78200149536133,40841500,42.78200149536133
1560519000,42.98400115966797,37167000,42.98400115966797
1560778200,45.00600051879883,61584000,45.00600051879883
1560864600,44.948001861572266,63579000,44.948001861572266
1560951000,45.2859992980957,32875500,45.2859992980957
1561037400,43.92399978637695,59317500,43.92399978637695
1561123800,44.37200164794922,41010500,44.37200164794922
1561383000,44.72800064086914,28754000,44.72800064086914
1561469400,43.95199966430664,30910500,43.95199966430664
1561555800,43.854000091552734,42536000,43.854000091552734
1561642200,44.56800079345703,31698500,44.56800079345703
1561728600,44.69200134277344,34257000,44.69200134277344
1561987800,45.433998107910156,41067000,45.433998107910156
1562074200,44.90999984741211,46295000,44.90999984741211
1562160600,46.97999954223633,71005500,46.97999954223633
1562333400,46.619998931884766,35328500,46.619998931884766
1562592600,46.06800079345703,29402500,46.06800079345703
1562679000,46.012001037597656,30954000,46.012001037597656
1562765400,47.784000396728516,45728500,47.784000396728516
1562851800,47.720001220703125,37572000,47.720001220703125
1562938200,49.01599884033203,46002500,49.01599884033203
1563197400,50.70000076293945,55000500,50.70000076293945
1563283800,50.47600173950195,40745000,50.47600173950195
1563370200,50.97200012207031,48823500,50.97200012207031
1563456600,50.70800018310547,23793000,50.70800018310547
1563543000,51.63600158691406,35242000,51.63600158691406
1563802200,51.13600158691406,34212000,51.13600158691406
1563888600,52.034000396728516,25115500,52.034000396728516
1563975000,52.97600173950195,55364000,52.97600173950195
1564061400,45.763999938964844,112091500,45.763999938964844
1564147800,45.608001708984375,50138500,45.608001708984375
1564407000,47.15399932861328,46366500,47.15399932861328
1564493400,48.45199966430664,40545000,48.45199966430664
1564579800,48.321998596191406,45891000,48.321998596191406
1564666200,46.77000045776367,41297500,46.77000045776367
1564752600,46.86800003051758,30682500,46.86800003051758
1565011800,45.66400146484375,35141500,45.66400146484375
1565098200,46.150001525878906,27821000,46.150001525878906
1565184600,46.683998107910156,23882500,46.683998107910156
1565271000,47.65999984741211,26371500,47.65999984741211
1565357400,47.00199890136719,19491000,47.00199890136719
1565616600,45.801998138427734,23319500,45.801998138427734
1565703000,47.0,24240500,47.0
1565789400,43.92399978637695,47813000,43.92399978637695
1565875800,43.12799835205078,40798000,43.12799835205078
1565962200,43.987998962402344,25492500,43.987998962402344
1566221400,45.36600112915039,26548000,45.36600112915039
1566307800,45.172000885009766,20626000,45.172000885009766
1566394200,44.16600036621094,38971500,44.16600036621094
1566480600,44.43000030517578,32795000,44.43000030517578
1566567000,42.279998779296875,42693000,42.279998779296875
1566826200,43.0,25259500,43.0
1566912600,42.816001892089844,27081000,42.816001892089844
1566999000,43.11800003051758,16127500,43.11800003051758
1567085400,44.34199905395508,25897500,44.34199905395508
1567171800,45.12200164794922,46603000,45.12200164794922
1567517400,45.00199890136719,26770500,45.00199890136719
1567603800,44.13600158691406,28805000,44.13600158691406
1567690200,45.91600036621094,36976500,45.91600036621094
1567776600,45.4900016784668,20947000,45.4900016784668
1568035800,46.358001708984375,24013500,46.358001708984375
1568122200,47.108001708984375,24418500,47.108001708984375
1568208600,49.41999816894531,50214000,49.41999816894531
1568295000,49.17399978637695,42906000,49.17399978637695
1568381400,49.040000915527344,26565500,49.040000915527344
1568640600,48.5620002746582,23640500,48.5620002746582
1568727000,48.95800018310547,19327000,48.95800018310547
1568813400,48.698001861572266,20851000,48.698001861572266
1568899800,49.31999969482422,23979000,49.31999969482422
1568986200,48.124000549316406,31765000,48.124000549316406
1569245400,48.24599838256836,21701000,48.24599838256836
1569331800,44.641998291015625,64457500,44.641998291015625
1569418200,45.7400016784668,47135500,45.7400016784668
1569504600,48.512001037597656,59422500,48.512001037597656
1569591000,48.42599868774414,55582000,48.42599868774414
1569850200,48.17399978637695,29399000,48.17399978637695
1569936600,48.9379997253418,30813000,48.9379997253418
1570023000,48.625999450683594,28157000,48.625999450683594
1570109400,46.60599899291992,75422500,46.60599899291992
1570195800,46.2859992980957,39975000,46.2859992980957
1570455000,47.54399871826172,40321000,47.54399871826172
1570541400,48.0099983215332,43391000,48.0099983215332
1570627800,48.90599822998047,34472000,48.90599822998047
1570714200,48.948001861572266,31416500,48.948001861572266
1570800600,49.577999114990234,42377000,49.577999114990234
1571059800,51.391998291015625,51025000,51.391998291015625
1571146200,51.577999114990234,32164000,51.577999114990234
1571232600,51.95000076293945,33420500,51.95000076293945
1571319000,52.39400100708008,23846500,52.39400100708008
1571405400,51.38999938964844,28749000,51.38999938964844
1571664600,50.70000076293945,25101500,50.70000076293945
1571751000,51.11600112915039,23004000,51.11600112915039
1571837400,50.93600082397461,26305500,50.93600082397461
1571923800,59.93600082397461,148604500,59.93600082397461
1572010200,65.6259994506836,150030500,65.6259994506836
1572269400,65.54199981689453,94351500,65.54199981689453
1572355800,63.24399948120117,63421500,63.24399948120117
1572442200,63.00199890136719,48209000,63.00199890136719
1572528600,62.98400115966797,25335000,62.98400115966797
1572615000,62.6619987487793,31919500,62.6619987487793
1572877800,63.49399948120117,43935000,63.49399948120117
1572964200,63.444000244140625,34717000,63.444000244140625
1573050600,65.31600189208984,39704500,65.31600189208984
1573137000,67.10800170898438,72336500,67.10800170898438
1573223400,67.4280014038086,30346000,67.4280014038086
1573482600,69.01799774169922,49933500,69.01799774169922
1573569000,69.98600006103516,36797000,69.98600006103516
1573655400,69.22200012207031,42100500,69.22200012207031
1573741800,69.87000274658203,32324500,69.87000274658203
1573828200,70.43399810791016,24045000,70.43399810791016
1574087400,69.99800109863281,22002000,69.99800109863281
1574173800,71.90399932861328,38624000,71.90399932861328
1574260200,70.44400024414062,33625500,70.44400024414062
1574346600,70.96600341796875,30550000,70.96600341796875
1574433000,66.60800170898438,84353000,66.60800170898438
1574692200,67.26799774169922,61697500,67.26799774169922
1574778600,65.78399658203125,39737000,65.78399658203125
1574865000,66.25800323486328,27778000,66.25800323486328
1575037800,65.98799896240234,12328000,65.98799896240234
1575297000,66.9739990234375,30372500,66.9739990234375
1575383400,67.23999786376953,32868500,67.23999786376953
1575469800,66.60600280761719,27665000,66.60600280761719
1575556200,66.0739974975586,18623000,66.0739974975586
1575642600,67.1780014038086,38062000,67.1780014038086
1575901800,67.90599822998047,45115500,67.90599822998047
1575988200,69.76799774169922,44141500,69.76799774169922
1576074600,70.54000091552734,34489000,70.54000091552734
1576161000,71.93599700927734,38819500,71.93599700927734
1576247400,71.6780014038086,32854500,71.6780014038086
1576506600,76.30000305175781,90871000,76.30000305175781
1576593000,75.7979965209961,42484000,75.7979965209961
1576679400,78.62999725341797,70605000,78.62999725341797
1576765800,80.80799865722656,90535500,80.80799865722656
1576852200,81.11799621582031,73763500,81.11799621582031
1577111400,83.84400177001953,66598000,83.84400177001953
1577197800,85.05000305175781,40273500,85.05000305175781
1577370600,86.18800354003906,53169500,86.18800354003906
1577457000,86.07599639892578,49728500,86.07599639892578
1577716200,82.94000244140625,62932000,82.94000244140625
1577802600,83.66600036621094,51428500,83.66600036621094
1577975400,86.052001953125,47660500,86.052001953125
1578061800,88.60199737548828,88892500,88.60199737548828
1578321000,90.30799865722656,50665000,90.30799865722656
1578407400,93.81199645996094,89410500,93.81199645996094
1578493800,98.4280014038086,155721500,98.4280014038086
1578580200,96.26799774169922,142202000,96.26799774169922
1578666600,95.62999725341797,64797500,95.62999725341797
1578925800,104.97200012207031,132588000,104.97200012207031
1579012200,107.58399963378906,144981000,107.58399963378906
1579098600,103.69999694824219,86844000,103.69999694824219
1579185000,102.697998046875,108683500,102.697998046875
1579271400,102.0999984741211,68145500,102.0999984741211
1579617000,109.44000244140625,89017500,109.44000244140625
1579703400,113.91200256347656,156845000,113.91200256347656
1579789800,114.44000244140625,98255000,114.44000244140625
1579876200,112.96399688720703,71768000,112.96399688720703
1580135400,111.60399627685547,68040500,111.60399627685547
1580221800,113.37999725341797,58942500,113.37999725341797
1580308200,116.197998046875,89007500,116.197998046875
1580394600,128.16200256347656,145028500,128.16200256347656
1580481000,130.11399841308594,78596500,130.11399841308594
1580740200,156.0,235325000,156.0
1580826600,177.41200256347656,304694000,177.41200256347656
1580913000,146.94000244140625,242119000,146.94000244140625
1580999400,149.79200744628906,199404000,149.79200744628906
1581085800,149.61399841308594,85317500,149.61399841308594
1581345000,154.25599670410156,123446000,154.25599670410156
1581431400,154.87600708007812,58487500,154.87600708007812
1581517800,153.45799255371094,60112500,153.45799255371094
1581604200,160.8000030517578,131446500,160.8000030517578
1581690600,160.00599670410156,78468500,160.00599670410156
1582036200,171.67999267578125,81908500,171.67999267578125
1582122600,183.48399353027344,127115000,183.48399353027344
1582209000,179.8820037841797,88174500,179.8820037841797
1582295400,180.1999969482422,71574000,180.1999969482422
1582554600,166.75799560546875,75961000,166.75799560546875
1582641000,159.98199462890625,86452500,159.98199462890625
1582727400,155.75999450683594,70427500,155.75999450683594
1582813800,135.8000030517578,121386000,135.8000030517578
1582900200,133.59800720214844,121114500,133.59800720214844
1583159400,148.7239990234375,100975000,148.7239990234375
1583245800,149.1020050048828,128920000,149.1020050048828
1583332200,149.89999389648438,75245000,149.89999389648438
1583418600,144.9080047607422,54263500,144.9080047607422
1583505000,140.6959991455078,63314500,140.6959991455078
1583760600,121.5999984741211,85368500,121.5999984741211
1583847000,129.0659942626953,77972000,129.0659942626953
1583933400,126.84600067138672,66612500,126.84600067138672
1584019800,112.11000061035156,94545500,112.11000061035156
1584106200,109.3239974975586,113201500,109.3239974975586
1584365400,89.01399993896484,102447500,89.01399993896484
1584451800,86.04000091552734,119973000,86.04000091552734
1584538200,72.24400329589844,118931000,72.24400329589844
1584624600,85.52799987792969,150977500,85.52799987792969
1584711000,85.50599670410156,141427500,85.50599670410156
1584970200,86.85800170898438,82272500,86.85800170898438
1585056600,101.0,114476000,101.0
1585143000,107.8499984741211,106113500,107.8499984741211
1585229400,105.63200378417969,86903500,105.63200378417969
1585315800,102.87200164794922,71887000,102.87200164794922
1585575000,100.4260025024414,59990500,100.4260025024414
1585661400,104.80000305175781,88857500,104.80000305175781
1585747800,96.31199645996094,66766000,96.31199645996094
1585834200,90.89399719238281,99292000,90.89399719238281
1585920600,96.00199890136719,112810500,96.00199890136719
1586179800,103.24800109863281,74509000,103.24800109863281
1586266200,109.08999633789062,89599000,109.08999633789062
1586352600,109.76799774169922,63280000,109.76799774169922
1586439000,114.5999984741211,68250000,114.5999984741211
1586784600,130.19000244140625,112377000,130.19000244140625
1586871000,141.97799682617188,152882500,141.97799682617188
1586957400,145.96600341796875,117885000,145.96600341796875
1587043800,149.04200744628906,103289500,149.04200744628906
1587130200,150.7779998779297,65641000,150.7779998779297
1587389400,149.27200317382812,73733000,149.27200317382812
1587475800,137.343994140625,101045500,137.343994140625
1587562200,146.4219970703125,70827500,146.4219970703125
1587648600,141.12600708007812,66183500,141.12600708007812
1587735000,145.02999877929688,66060000,145.02999877929688
1587994200,159.75,103407000,159.75
1588080600,153.82400512695312,76110000,153.82400512695312
1588167000,160.1020050048828,81080000,160.1020050048828
1588253400,156.37600708007812,142359500,156.37600708007812
1588339800,140.26400756835938,162659000,140.26400756835938
1588599000,152.23800659179688,96185500,152.23800659179688
1588685400,153.64199829101562,84958500,153.64199829101562
1588771800,156.51600646972656,55616000,156.51600646972656
1588858200,156.00799560546875,57638500,156.00799560546875
1588944600,163.88400268554688,80432500,163.88400268554688
1589203800,162.25799560546875,82598000,162.25799560546875
1589290200,161.8820037841797,79534500,161.8820037841797
1589376600,158.19200134277344,95327500,158.19200134277344
1589463000,160.66600036621094,68411000,160.66600036621094
1589549400,159.83399963378906,52592000,159.83399963378906
1589808600,162.7259979248047,58329000,162.7259979248047
1589895000,161.6020050048828,48182500,161.6020050048828
1589981400,163.11199951171875,36546500,163.11199951171875
1590067800,165.52000427246094,61273000,165.52000427246094
1590154200,163.37600708007812,49937500,163.37600708007812
1590499800,163.7740020751953,40448500,163.7740020751953
1590586200,164.04600524902344,57747500,164.04600524902344
1590672600,161.16200256347656,36278000,161.16200256347656
1590759000,167.0,58822500,167.0
1591018200,179.6199951171875,74697500,179.6199951171875
1591104600,176.31199645996094,67828000,176.31199645996094
1591191000,176.5919952392578,39747500,176.5919952392578
1591277400,172.87600708007812,44438500,172.87600708007812
1591363800,177.1320037841797,39059500,177.1320037841797
1591623000,189.98399353027344,70873500,189.98399353027344
1591709400,188.13400268554688,56941000,188.13400268554688
1591795800,205.00999450683594,92817000,205.00999450683594
1591882200,194.5679931640625,79582500,194.5679931640625
1591968600,187.05599975585938,83817000,187.05599975585938
1592227800,198.17999267578125,78486000,198.17999267578125
1592314200,196.42599487304688,70255500,196.42599487304688
1592400600,198.35800170898438,49454000,198.35800170898438
1592487000,200.79200744628906,48759500,200.79200744628906
1592573400,200.17999267578125,43398500,200.17999267578125
1592832600,198.86399841308594,31812000,198.86399841308594
1592919000,200.3560028076172,31826500,200.3560028076172
1593005400,192.1699981689453,54798000,192.1699981689453
1593091800,197.1959991455078,46272500,197.1959991455078
1593178200,191.947998046875,44274500,191.947998046875
1593437400,201.8699951171875,45132000,201.8699951171875
1593523800,215.96200561523438,84592500,215.96200561523438
1593610200,223.92599487304688,66634500,223.92599487304688
1593696600,241.73199462890625,86250500,241.73199462890625
1594042200,274.3160095214844,102849500,274.3160095214844
1594128600,277.97198486328125,107448500,277.97198486328125
1594215000,273.1759948730469,81556500,273.1759948730469
1594301400,278.8559875488281,58588000,278.8559875488281
1594387800,308.92999267578125,116688000,308.92999267578125
1594647000,299.4119873046875,194927000,299.4119873046875
1594733400,303.3599853515625,117090500,303.3599853515625
1594819800,309.2019958496094,81839000,309.2019958496094
1594906200,300.12799072265625,71504000,300.12799072265625
1594992600,300.1679992675781,46650000,300.1679992675781
1595251800,328.6000061035156,85607000,328.6000061035156
1595338200,313.6719970703125,80536000,313.6719970703125
1595424600,318.46600341796875,70805500,318.46600341796875
1595511000,302.614013671875,121642500,302.614013671875
1595597400,283.3999938964844,96983000,283.3999938964844
1595856600,307.9200134277344,80243500,307.9200134277344
1595943000,295.2980041503906,79043500,295.2980041503906
1596029400,299.8219909667969,47134500,299.8219909667969
1596115800,297.49798583984375,38105000,297.49798583984375
1596202200,286.1520080566406,61041000,286.1520080566406
1596461400,297.0,44046500,297.0
1596547800,297.3999938964844,42075000,297.3999938964844
1596634200,297.0039978027344,24739000,297.0039978027344
1596720600,297.9159851074219,29961500,297.9159851074219
1596807000,290.5419921875,44482000,290.5419921875
1597066200,283.7139892578125,37611500,283.7139892578125
1597152600,274.87799072265625,43129000,274.87799072265625
1597239000,310.9519958496094,109147000,310.9519958496094
1597325400,324.20001220703125,102126500,324.20001220703125
1597411800,330.1419982910156,62888000,330.1419982910156
1597671000,367.12799072265625,101211500,367.12799072265625
1597757400,377.4179992675781,82372500,377.4179992675781
1597843800,375.70599365234375,61026500,375.70599365234375
1597930200,400.3659973144531,103059000,400.3659973144531
1598016600,409.9960021972656,107448000,409.9960021972656
1598275800,402.8399963378906,100318000,402.8399963378906
1598362200,404.6679992675781,53294500,404.6679992675781
1598448600,430.6340026855469,71197000,430.6340026855469
1598535000,447.75,118465000,447.75
1598621400,442.67999267578125,100406000,442.67999267578125
1598880600,498.32000732421875,118374400,498.32000732421875
1598967000,475.04998779296875,89841100,475.04998779296875
1599053400,447.3699951171875,96176100,447.3699951171875
1599139800,407.0,87596100,407.0
1599226200,418.32000732421875,110321900,418.32000732421875
1599571800,330.2099914550781,115465700,330.2099914550781
1599658200,366.2799987792969,79465800,366.2799987792969
1599744600,371.3399963378906,84930600,371.3399963378906
1599831000,372.7200012207031,60717500,372.7200012207031
1600090200,419.6199951171875,83020600,419.6199951171875
1600176600,449.760009765625,97298200,449.760009765625
1600263000,441.760009765625,72279300,441.760009765625
1600349400,423.42999267578125,76779200,423.42999267578125
1600435800,442.1499938964844,86406800,442.1499938964844
1600695000,449.3900146484375,109476800,449.3900146484375
1600781400,424.2300109863281,79580800,424.2300109863281
1600867800,380.3599853515625,95074200,380.3599853515625
1600954200,387.7900085449219,96561100,387.7900085449219
1601040600,407.3399963378906,67208500,407.3399963378906
1601299800,421.20001220703125,49719600,421.20001220703125
1601386200,419.07000732421875,50219300,419.07000732421875
1601472600,429.010009765625,48145600,429.010009765625
1601559000,448.1600036621094,50741500,448.1600036621094
1601645400,415.0899963378906,71430000,415.0899963378906
1601904600,425.67999267578125,44722800,425.67999267578125
1601991000,413.9800109863281,49146300,413.9800109863281
1602077400,425.29998779296875,43127700,425.29998779296875
1602163800,425.9200134277344,40421100,425.9200134277344
1602250200,434.0,28925700,434.0
1602509400,442.29998779296875,38791100,442.29998779296875
1602595800,446.6499938964844,34463700,446.6499938964844
1602682200,461.29998779296875,47879700,461.29998779296875
1602768600,448.8800048828125,35672400,448.8800048828125
1602855000,439.6700134277344,32775900,439.6700134277344
1603114200,430.8299865722656,36287800,430.8299865722656
1603200600,421.94000244140625,31656300,421.94000244140625
1603287000,422.6400146484375,32370500,422.6400146484375
1603373400,425.7900085449219,39993200,425.7900085449219
1603459800,420.6300048828125,33717000,420.6300048828125
1603719000,420.2799987792969,28239200,420.2799987792969
1603805400,424.67999267578125,22686500,424.67999267578125
1603891800,406.0199890136719,25451400,406.0199890136719
1603978200,410.8299865722656,22655300,410.8299865722656
1604064600,388.0400085449219,42511300,388.0400085449219
1604327400,400.510009765625,29021100,400.510009765625
1604413800,423.8999938964844,34351700,423.8999938964844
1604500200,420.9800109863281,32143100,420.9800109863281
1604586600,438.0899963378906,28414500,438.0899963378906
1604673000,429.95001220703125,21706000,429.95001220703125
1604932200,421.260009765625,34833000,421.260009765625
1605018600,410.3599853515625,30284200,410.3599853515625
1605105000,417.1300048828125,17357700,417.1300048828125
1605191400,411.760009765625,19855100,411.760009765625
1605277800,408.5,19771100,408.5
1605537000,408.0899963378906,26838600,408.0899963378906
1605623400,441.6099853515625,61188300,441.6099853515625
1605709800,486.6400146484375,78044000,486.6400146484375
1605796200,499.2699890136719,62475300,499.2699890136719
1605882600,489.6099853515625,32911900,489.6099853515625
1606141800,521.8499755859375,50260300,521.8499755859375
1606228200,555.3800048828125,53648500,555.3800048828125
1606314600,574.0,48930200,574.0
1606487400,585.760009765625,37561100,585.760009765625
1606746600,567.5999755859375,63003100,567.5999755859375
1606833000,584.760009765625,40103500,584.760009765625
1606919400,568.8200073242188,47775700,568.8200073242188
1607005800,593.3800048828125,42552000,593.3800048828125
1607092200,599.0399780273438,29401300,599.0399780273438
1607351400,641.760009765625,56309700,641.760009765625
1607437800,649.8800048828125,64265000,649.8800048828125
1607524200,604.47998046875,71291200,604.47998046875
1607610600,627.0700073242188,67083200,627.0700073242188
1607697000,609.989990234375,46475000,609.989990234375
1607956200,639.8300170898438,52040600,639.8300170898438
1608042600,633.25,45071500,633.25
1608129000,622.77001953125,42095800,622.77001953125
1608215400,655.9000244140625,56270100,655.9000244140625
1608301800,695.0,222126200,695.0
1608561000,649.8599853515625,58045300,649.8599853515625
1608647400,640.3400268554688,51716000,640.3400268554688
1608733800,645.97998046875,33173000,645.97998046875
1608820200,661.77001953125,22865600,661.77001953125
1609165800,663.6900024414062,32278600,663.6900024414062
1609252200,665.989990234375,22910800,665.989990234375
1609338600,694.780029296875,42846000,694.780029296875
1609425000,705.6699829101562,49649900,705.6699829101562
1609770600,729.77001953125,48638200,729.77001953125
1609857000,735.1099853515625,32245200,735.1099853515625
1609943400,755.97998046875,44700000,755.97998046875
1610029800,816.0399780273438,51498900,816.0399780273438
1610116200,880.02001953125,75055500,880.02001953125
1610375400,811.1900024414062,59301600,811.1900024414062
1610461800,849.4400024414062,46270700,849.4400024414062
1610548200,854.4099731445312,33312500,854.4099731445312
1610634600,845.0,31266300,845.0
1610721000,826.1599731445312,38777600,826.1599731445312
1611066600,844.5499877929688,25367000,844.5499877929688
1611153000,850.4500122070312,25665900,850.4500122070312
1611239400,844.989990234375,20521100,844.989990234375
1611325800,846.6400146484375,20066500,846.6400146484375
1611585000,880.7999877929688,41173400,880.7999877929688
1611671400,883.0900268554688,23131600,883.0900268554688
1611757800,864.1599731445312,27334000,864.1599731445312
1611844200,835.4299926757812,26378000,835.4299926757812
1611930600,793.530029296875,34990800,793.530029296875
1612189800,839.8099975585938,25391400,839.8099975585938
1612276200,872.7899780273438,24346200,872.7899780273438
1612362600,854.6900024414062,18343500,854.6900024414062
1612449000,849.989990234375,15812700,849.989990234375
1612535400,852.22998046875,18566600,852.22998046875
1612794600,863.4199829101562,20161700,863.4199829101562
1612881000,849.4600219726562,15157700,849.4600219726562
1612967400,804.8200073242188,36216100,804.8200073242188
1613053800,811.6599731445312,21622800,811.6599731445312
1613140200,816.1199951171875,23768300,816.1199951171875
1613485800,796.219970703125,19802300,796.219970703125
1613572200,798.1500244140625,25996500,798.1500244140625
1613658600,787.3800048828125,17957100,787.3800048828125
1613745000,781.2999877929688,18958300,781.2999877929688
1614004200,714.5,37269700,714.5
1614090600,698.8400268554688,66606900,698.8400268554688
1614177000,742.02001953125,36767000,742.02001953125
1614263400,682.219970703125,39023900,682.219970703125
1614349800,675.5,41089200,675.5
1614609000,718.4299926757812,27136200,718.4299926757812
1614695400,686.4400024414062,23732200,686.4400024414062
1614781800,653.2000122070312,30208000,653.2000122070312
1614868200,621.4400024414062,65919500,621.4400024414062
1614954600,597.9500122070312,89396500,597.9500122070312
1615213800,563.0,51787000,563.0
1615300200,673.5800170898438,67523300,673.5800170898438
1615386600,668.0599975585938,60605700,668.0599975585938
1615473000,699.5999755859375,36253900,699.5999755859375
1615559400,693.72998046875,33583800,693.72998046875
1615815000,707.9400024414062,29335600,707.9400024414062
1615901400,676.8800048828125,32195700,676.8800048828125
1615987800,701.8099975585938,40372500,701.8099975585938
1616074200,653.1599731445312,33224800,653.1599731445312
1616160600,654.8699951171875,42894000,654.8699951171875
1616419800,670.0,39512200,670.0
1616506200,662.1599731445312,30491900,662.1599731445312
1616592600,630.27001953125,33795200,630.27001953125
1616679000,640.3900146484375,39224900,640.3900146484375
1616765400,618.7100219726562,33852800,618.7100219726562
1617024600,611.2899780273438,28637000,611.2899780273438
1617111000,635.6199951171875,39432400,635.6199951171875
1617197400,667.9299926757812,33337300,667.9299926757812
1617283800,661.75,35298400,661.75
1617629400,691.0499877929688,41842800,691.0499877929688
1617715800,691.6199951171875,28271800,691.6199951171875
1617802200,670.969970703125,26309400,670.969970703125
1617888600,683.7999877929688,23924300,683.7999877929688
1617975000,677.02001953125,21437100,677.02001953125
1618234200,701.97998046875,29135700,701.97998046875
1618320600,762.3200073242188,44652800,762.3200073242188
1618407000,732.22998046875,49017400,732.22998046875
1618493400,738.8499755859375,27848900,738.8499755859375
1618579800,739.780029296875,27979500,739.780029296875
1618839000,714.6300048828125,39686200,714.6300048828125
1618925400,718.989990234375,35609000,718.989990234375
1619011800,744.1199951171875,31215500,744.1199951171875
1619098200,719.6900024414062,35590300,719.6900024414062
1619184600,729.4000244140625,28370000,729.4000244140625
1619443800,738.2000122070312,31038500,738.2000122070312
1619530200,704.739990234375,29437000,704.739990234375
1619616600,694.4000244140625,22271000,694.4000244140625
1619703000,677.0,28845400,677.0
1619789400,709.4400024414062,40758700,709.4400024414062
1620048600,684.9000244140625,27043100,684.9000244140625
1620135000,673.5999755859375,29739300,673.5999755859375
1620221400,670.9400024414062,21901900,670.9400024414062
1620307800,663.5399780273438,27784600,663.5399780273438
1620394200,672.3699951171875,23469200,672.3699951171875
1620653400,629.0399780273438,31392400,629.0399780273438
1620739800,617.2000122070312,46503900,617.2000122070312
1620826200,589.8900146484375,33823600,589.8900146484375
1620912600,571.6900024414062,44184900,571.6900024414062
1620999000,589.739990234375,33370900,589.739990234375
1621258200,576.8300170898438,32390400,576.8300170898438
1621344600,577.8699951171875,36830600,577.8699951171875
1621431000,563.4600219726562,39578400,563.4600219726562
1621517400,586.780029296875,30821100,586.780029296875
1621603800,580.8800048828125,26030600,580.8800048828125
1621863000,606.4400024414062,34558100,606.4400024414062
1621949400,604.6900024414062,28005900,604.6900024414062
1622035800,619.1300048828125,28639300,619.1300048828125
1622122200,630.8499755859375,26370600,630.8499755859375
1622208600,625.219970703125,22737000,625.219970703125
1622554200,623.9000244140625,18084900,623.9000244140625
1622640600,605.1199951171875,23302800,605.1199951171875
1622727000,572.8400268554688,30111900,572.8400268554688
1622813400,599.0499877929688,24036900,599.0499877929688
1623072600,605.1300048828125,22543700,605.1300048828125
1623159000,603.5900268554688,26053400,603.5900268554688
1623245400,598.780029296875,16584600,598.780029296875
1623331800,610.1199951171875,23919600,610.1199951171875
1623418200,609.8900146484375,16205300,609.8900146484375
1623677400,617.6900024414062,20424000,617.6900024414062
1623763800,599.3599853515625,17764100,599.3599853515625
1623850200,604.8699951171875,22144100,604.8699951171875
1623936600,616.5999755859375,22701400,616.5999755859375
1624023000,623.3099975585938,24560900,623.3099975585938
1624282200,620.8300170898438,24812700,620.8300170898438
1624368600,623.7100219726562,19158900,623.7100219726562
1624455000,656.5700073242188,31099200,656.5700073242188
1624541400,679.8200073242188,45982400,679.8200073242188
1624627800,671.8699951171875,32496700,671.8699951171875
1624887000,688.719970703125,21628200,688.719970703125
1624973400,680.760009765625,17381300,680.760009765625
1625059800,679.7000122070312,18924900,679.7000122070312
1625146200,677.9199829101562,18634500,677.9199829101562
1625232600,678.9000244140625,27054500,678.9000244140625
1625578200,659.5800170898438,23284500,659.5800170898438
1625664600,644.6500244140625,18792000,644.6500244140625
1625751000,652.8099975585938,22773300,652.8099975585938
1625837400,656.9500122070312,18140500,656.9500122070312
1626096600,685.7000122070312,25927000,685.7000122070312
1626183000,668.5399780273438,20966100,668.5399780273438
1626269400,653.3800048828125,21641200,653.3800048828125
1626355800,650.5999755859375,20209600,650.5999755859375
1626442200,644.219970703125,16371000,644.219970703125
1626701400,646.219970703125,21297100,646.219970703125
1626787800,660.5,15487100,660.5
1626874200,655.2899780273438,13953300,655.2899780273438
1626960600,649.260009765625,15105700,649.260009765625
1627047000,643.3800048828125,14604900,643.3800048828125
1627306200,657.6199951171875,25336600,657.6199951171875
1627392600,644.780029296875,32813300,644.780029296875
1627479000,646.97998046875,16006600,646.97998046875
1627565400,677.3499755859375,30394600,677.3499755859375
1627651800,687.2000122070312,29656400,687.2000122070312
1627911000,709.6699829101562,33615800,709.6699829101562
1627997400,709.739990234375,21620300,709.739990234375
1628083800,710.9199829101562,17002600,710.9199829101562
1628170200,714.6300048828125,12919600,714.6300048828125
1628256600,699.0999755859375,15623000,699.0999755859375
1628515800,713.760009765625,14715300,713.760009765625
1628602200,709.989990234375,13432300,709.989990234375
1628688600,707.8200073242188,9800600,707.8200073242188
1628775000,722.25,17459100,722.25
1628861400,717.1699829101562,16731500,717.1699829101562
1629120600,686.1699829101562,22677400,686.1699829101562
1629207000,665.7100219726562,23721300,665.7100219726562
1629293400,688.989990234375,20349400,688.989990234375
1629379800,673.469970703125,14313500,673.469970703125
1629466200,680.260009765625,14841900,680.260009765625
1629725400,706.2999877929688,20264900,706.2999877929688
1629811800,708.489990234375,13083100,708.489990234375
1629898200,711.2000122070312,12645600,711.2000122070312
1629984600,701.1599731445312,13214300,701.1599731445312
1630071000,711.9199829101562,13833800,711.9199829101562
1630330200,730.9099731445312,18604200,730.9099731445312
1630416600,735.719970703125,20855400,735.719970703125
1630503000,734.0900268554688,13204300,734.0900268554688
1630589400,732.3900146484375,12777300,732.3900146484375
1630675800,733.5700073242188,15246100,733.5700073242188
1631021400,752.9199829101562,20039800,752.9199829101562
1631107800,753.8699951171875,18793000,753.8699951171875
1631194200,754.8599853515625,14077700,754.8599853515625
1631280600,736.27001953125,15184200,736.27001953125
1631539800,743.0,22952500,743.0
1631626200,744.489990234375,18524900,744.489990234375
1631712600,755.8300170898438,15357700,755.8300170898438
1631799000,756.989990234375,13923400,756.989990234375
1631885400,759.489990234375,28204200,759.489990234375
1632144600,730.1699829101562,24757700,730.1699829101562
1632231000,739.3800048828125,16330700,739.3800048828125
1632317400,751.9400024414062,15126300,751.9400024414062
1632403800,753.6400146484375,11947500,753.6400146484375
1632490200,774.3900146484375,21373000,774.3900146484375
1632749400,791.3599853515625,28070700,791.3599853515625
1632835800,777.5599975585938,25381400,777.5599975585938
1632922200,781.3099975585938,20942900,781.3099975585938
1633008600,775.47998046875,17956000,775.47998046875
1633095000,775.219970703125,17031400,775.219970703125
1633354200,781.530029296875,30483300,781.530029296875
1633440600,780.5900268554688,18432600,780.5900268554688
1633527000,782.75,14632800,782.75
1633613400,793.6099853515625,19195800,793.6099853515625
1633699800,785.489990234375,16738600,785.489990234375
1633959000,791.9400024414062,14200300,791.9400024414062
1634045400,805.719970703125,22020000,805.719970703125
1634131800,811.0800170898438,14120100,811.0800170898438
1634218200,818.3200073242188,12247200,818.3200073242188
1634304600,843.030029296875,18924600,843.030029296875
1634563800,870.1099853515625,24207200,870.1099853515625
1634650200,864.27001953125,17381100,864.27001953125
1634736600,865.7999877929688,14032100,865.7999877929688
1634823000,894.0,31481500,894.0
1634909400,909.6799926757812,22880800,909.6799926757812
1635168600,1024.8599853515625,62852100,1024.8599853515625
1635255000,1018.4299926757812,62415000,1018.4299926757812
1635341400,1037.8599853515625,38526500,1037.8599853515625
1635427800,1077.0400390625,27213200,1077.0400390625
1635514200,1114.0,29918400,1114.0
1635773400,1208.5899658203125,56048700,1208.5899658203125
1635859800,1172.0,42737800,1172.0
1635946200,1213.8599853515625,34628500,1213.8599853515625
1636032600,1229.9100341796875,25397400,1229.9100341796875
1636119000,1222.0899658203125,21628800,1222.0899658203125
1636381800,1162.93994140625,33445700,1162.93994140625
1636468200,1023.5,59105800,1023.5
1636554600,1067.949951171875,42802700,1067.949951171875
1636641000,1063.510009765625,22396600,1063.510009765625
1636727400,1033.4200439453125,25573100,1033.4200439453125
1636986600,1013.3900146484375,34775600,1013.3900146484375
1637073000,1054.72998046875,26542400,1054.72998046875
1637159400,1089.010009765625,31445400,1089.010009765625
1637245800,1096.3800048828125,20898900,1096.3800048828125
1637332200,1137.06005859375,21642300,1137.06005859375
1637591400,1156.8699951171875,33072500,1156.8699951171875
1637677800,1109.030029296875,36171700,1109.030029296875
1637764200,1116.0,22560200,1116.0
1637937000,1081.9200439453125,11680900,1081.9200439453125
1638196200,1136.989990234375,19464500,1136.989990234375
1638282600,1144.760009765625,27092000,1144.760009765625
1638369000,1095.0,22816800,1095.0
1638455400,1084.5999755859375,24371600,1084.5999755859375
1638541800,1014.969970703125,30774000,1014.969970703125
1638801000,1009.010009765625,27221000,1009.010009765625
1638887400,1051.75,18694900,1051.75
1638973800,1068.9599609375,13968800,1068.9599609375
1639060200,1003.7999877929688,19812800,1003.7999877929688
1639146600,1017.030029296875,19888100,1017.030029296875
1639405800,966.4099731445312,26198500,966.4099731445312
1639492200,958.510009765625,23602100,958.510009765625
1639578600,975.989990234375,25056400,975.989990234375
1639665000,926.9199829101562,27590500,926.9199829101562
1639751400,932.5700073242188,33479100,932.5700073242188
1640010600,899.9400024414062,18826700,899.9400024414062
1640097000,938.530029296875,23839300,938.530029296875
1640183400,1008.8699951171875,31211400,1008.8699951171875
1640269800,1067.0,30904400,1067.0
1640615400,1093.93994140625,23715300,1093.93994140625
1640701800,1088.469970703125,20108000,1088.469970703125
1640788200,1086.18994140625,18718000,1086.18994140625
1640874600,1070.3399658203125,15680300,1070.3399658203125
1640961000,1056.780029296875,13577900,1056.780029296875
1641220200,1199.780029296875,34643800,1199.780029296875
1641306600,1149.5899658203125,33416100,1149.5899658203125
1641393000,1088.1199951171875,26706600,1088.1199951171875
1641479400,1064.699951171875,30112200,1064.699951171875
1641565800,1026.9599609375,28054900,1026.9599609375
1641825000,1058.1199951171875,30605000,1058.1199951171875
1641911400,1064.4000244140625,22021100,1064.4000244140625
1641997800,1106.219970703125,27913000,1106.219970703125
1642084200,1031.56005859375,32403300,1031.56005859375
1642170600,1049.6099853515625,24308100,1049.6099853515625
1642516200,1030.510009765625,22247800,1030.510009765625
1642602600,995.6500244140625,25147500,995.6500244140625
1642689000,996.27001953125,23496200,996.27001953125
1642775400,943.9000244140625,34472000,943.9000244140625
1643034600,930.0,50521900,930.0
1643121000,918.4000244140625,28865300,918.4000244140625
1643207400,937.4099731445312,34955800,937.4099731445312
1643293800,829.0999755859375,49036500,829.0999755859375
1643380200,846.3499755859375,44929700,846.3499755859375
1643639400,936.719970703125,34812000,936.719970703125
1643725800,931.25,24379400,931.25
1643812200,905.6599731445312,22264300,905.6599731445312
1643898600,891.1400146484375,26285200,891.1400146484375
1643985000,923.3200073242188,24541800,923.3200073242188
1644244200,907.3400268554688,20331500,907.3400268554688
1644330600,922.0,16909700,922.0
1644417000,932.0,17419800,932.0
1644503400,904.5499877929688,22042300,904.5499877929688
1644589800,860.0,26548600,860.0
1644849000,875.760009765625,22585500,875.760009765625
1644935400,922.4299926757812,19095400,922.4299926757812
1645021800,923.3900146484375,17098100,923.3900146484375
1645108200,876.3499755859375,18392800,876.3499755859375
1645194600,856.97998046875,22833900,856.97998046875
1645540200,821.530029296875,27762700,821.530029296875
1645626600,764.0399780273438,31752300,764.0399780273438
1645713000,800.77001953125,45107400,800.77001953125
1645799400,809.8699951171875,25355900,809.8699951171875
1646058600,870.4299926757812,33002300,870.4299926757812
1646145000,864.3699951171875,24922300,864.3699951171875
1646231400,879.8900146484375,24881100,879.8900146484375
1646317800,839.2899780273438,20541200,839.2899780273438
1646404200,838.2899780273438,22333200,838.2899780273438
1646663400,804.5800170898438,24164700,804.5800170898438
1646749800,824.4000244140625,26799700,824.4000244140625
1646836200,858.969970703125,19728000,858.969970703125
1646922600,838.2999877929688,19549500,838.2999877929688
1647009000,795.3499755859375,22345700,795.3499755859375
1647264600,766.3699951171875,23717400,766.3699951171875
1647351000,801.8900146484375,22280400,801.8900146484375
1647437400,840.22998046875,28009600,840.22998046875
1647523800,871.5999755859375,22194300,871.5999755859375
1647610200,905.3900146484375,33471400,905.3900146484375
1647869400,921.1599731445312,27327200,921.1599731445312
1647955800,993.97998046875,35289500,993.97998046875
1648042200,999.1099853515625,40225400,999.1099853515625
1648128600,1013.9199829101562,22973600,1013.9199829101562
1648215000,1010.6400146484375,20677200,1010.6400146484375
1648474200,1091.8399658203125,34168700,1091.8399658203125
1648560600,1099.5699462890625,24538300,1099.5699462890625
1648647000,1093.989990234375,19955000,1093.989990234375
1648733400,1077.5999755859375,16330900,1077.5999755859375
1648819800,1084.5899658203125,18087700,1084.5899658203125
1649079000,1145.449951171875,27345300,1145.449951171875
1649165400,1091.260009765625,26691700,1091.260009765625
1649251800,1045.760009765625,29782800,1045.760009765625
1649338200,1057.260009765625,26482400,1057.260009765625
1649424600,1025.489990234375,18337900,1025.489990234375
1649683800,975.9299926757812,19785700,975.9299926757812
1649770200,986.9500122070312,21992000,986.9500122070312
1649856600,1022.3699951171875,18373700,1022.3699951171875
1649943000,985.0,19474100,985.0
1650288600,1004.2899780273438,17238400,1004.2899780273438
1650375000,1028.1500244140625,16615900,1028.1500244140625
1650461400,977.2000122070312,23570400,977.2000122070312
1650547800,1008.780029296875,35138800,1008.780029296875
1650634200,1005.0499877929688,23232200,1005.0499877929688
1650893400,998.02001953125,22780400,998.02001953125
1650979800,876.4199829101562,45377900,876.4199829101562
1651066200,881.510009765625,25652100,881.510009765625
1651152600,877.510009765625,41649500,877.510009765625
1651239000,870.760009765625,29377700,870.760009765625
1651498200,902.9400024414062,25260500,902.9400024414062
1651584600,909.25,21236500,909.25
1651671000,952.6199951171875,27214600,952.6199951171875
1651757400,873.280029296875,30839700,873.280029296875
1651843800,865.6500244140625,24301000,865.6500244140625
1652103000,787.1099853515625,30270100,787.1099853515625
1652189400,800.0399780273438,28133900,800.0399780273438
1652275800,734.0,32408200,734.0
1652362200,728.0,46771000,728.0
1652448600,769.5900268554688,30716900,769.5900268554688
1652707800,724.3699951171875,28699500,724.3699951171875
1652794200,761.6099853515625,26745400,761.6099853515625
1652880600,709.8099975585938,29270600,709.8099975585938
1652967000,709.4199829101562,30098900,709.4199829101562
1653053400,663.9000244140625,48324400,663.9000244140625
1653312600,674.9000244140625,29634500,674.9000244140625
1653399000,628.1599731445312,29697500,628.1599731445312
1653485400,658.7999877929688,30713100,658.7999877929688
1653571800,707.72998046875,35334400,707.72998046875
1653658200,759.6300048828125,29765000,759.6300048828125
1654003800,758.260009765625,33971500,758.260009765625
1654090200,740.3699951171875,25749300,740.3699951171875
1654176600,775.0,31157700,775.0
1654263000,703.5499877929688,37464600,703.5499877929688
1654522200,714.8400268554688,28068200,714.8400268554688
1654608600,716.6599731445312,24269500,716.6599731445312
1654695000,725.5999755859375,25403500,725.5999755859375
1654781400,719.1199951171875,32163800,719.1199951171875
1654867800,696.6900024414062,32512200,696.6900024414062
1655127000,647.2100219726562,34255800,647.2100219726562
1655213400,662.6699829101562,32662900,662.6699829101562
1655299800,699.0,39710600,699.0
1655386200,639.2999877929688,35796900,639.2999877929688
1655472600,650.280029296875,30880600,650.280029296875
1655818200,711.1099853515625,40931000,711.1099853515625
1655904600,708.260009765625,33702500,708.260009765625
1655991000,705.2100219726562,34734200,705.2100219726562
1656077400,737.1199951171875,31923600,737.1199951171875
1656336600,734.760009765625,29726100,734.760009765625
1656423000,697.989990234375,30130400,697.989990234375
1656509400,685.469970703125,27632400,685.469970703125
1656595800,673.4199829101562,31533500,673.4199829101562
1656682200,681.7899780273438,24820100,681.7899780273438
1657027800,699.2000122070312,28193700,699.2000122070312
1657114200,695.2000122070312,23951200,695.2000122070312
1657200600,733.6300048828125,27310200,733.6300048828125
1657287000,752.2899780273438,33951400,752.2899780273438
1657546200,703.030029296875,33080400,703.030029296875
1657632600,699.2100219726562,29310300,699.2100219726562
1657719000,711.1199951171875,32651500,711.1199951171875
1657805400,714.9400024414062,26185800,714.9400024414062
1657891800,720.2000122070312,23227700,720.2000122070312
1658151000,721.6400146484375,27512500,721.6400146484375
1658237400,736.5900268554688,26963400,736.5900268554688
1658323800,742.5,29621400,742.5
1658410200,815.1199951171875,47344100,815.1199951171875
1658496600,816.72998046875,34490900,816.72998046875
1658755800,805.2999877929688,21357800,805.2999877929688
1658842200,776.5800170898438,22273600,776.5800170898438
1658928600,824.4600219726562,29370000,824.4600219726562
1659015000,842.7000122070312,28241000,842.7000122070312
1659101400,891.4500122070312,31771000,891.4500122070312
1659360600,891.8300170898438,39014300,891.8300170898438
1659447000,901.760009765625,31859200,901.760009765625
1659533400,922.1900024414062,26697000,922.1900024414062
1659619800,925.9000244140625,24085400,925.9000244140625
1659706200,864.510009765625,37655300,864.510009765625
